<?xml version="1.0" encoding="utf-8"?>
<demos><!--This is an autogenerated file, please do not modify-->
   <name>MatTuGames</name>
   <type>toolbox</type>
   <icon>HelpIcon.DEMOS</icon>
   <website/>
   <description>The game theoretical Matlab toolbox MatTuGames provides about 400 functions
for modeling, and calculating some solutions as well as properties of cooperative
games with transferable utilities. In contrast to existing Matlab toolboxes to
investigate TU-games, which are written in a C/C++ programming style with the consequence
that these functions are executed relatively slowly, we heavily relied on vectorized
constructs in order to write more efficient Matlab functions.</description>
   <demosection>
      <label>doc</label>
      <demoitem>
         <label>testcase_graphics</label>
         <type>other</type>
         <source>testcase_graphics</source>
         <file>doc/html/testcase_graphics.html</file>
      </demoitem>
      <demoitem>
         <label>GettingStarted</label>
         <type>other</type>
         <source>GettingStarted</source>
         <file>doc/html/GettingStarted.html</file>
      </demoitem>
      <demoitem>
         <label>mattug_features</label>
         <type>other</type>
         <source>mattug_features</source>
         <file>doc/html/mattug_features.html</file>
      </demoitem>
   </demosection>
</demos>